{"cameraMode":{"drawMode":0,"name":"Shaded","section":"Shading Mode"},"sceneLighting":false,"audioPlay":false,"sceneViewState":{"m_AlwaysRefresh":false,"showFog":true,"showSkybox":false,"showFlares":true,"showImageEffects":true,"showParticleSystems":true,"showVisualEffectGraphs":true,"m_FxEnabled":true},"in2DMode":false,"pivot":{"x":0.008991718292236328,"y":0.13719403743743897,"z":1.3193540573120118},"rotation":{"x":0.11286699026823044,"y":-0.21289612352848054,"z":0.024766243994235994,"w":0.9702317714691162},"size":3.5716331005096437,"orthographic":false}