{"cameraMode":{"drawMode":0,"name":"Shaded","section":"Shading Mode"},"sceneLighting":false,"audioPlay":false,"sceneViewState":{"m_AlwaysRefresh":false,"showFog":true,"showSkybox":false,"showFlares":true,"showImageEffects":true,"showParticleSystems":true,"showVisualEffectGraphs":true,"m_FxEnabled":true},"in2DMode":false,"pivot":{"x":0.6399999856948853,"y":0.7899999618530273,"z":23.280000686645509},"rotation":{"x":0.09001713991165161,"y":-0.06121552363038063,"z":0.005545171443372965,"w":0.9940510392189026},"size":1.299038052558899,"orthographic":false}